{
    "faces": [42,0,1,2,0,0,1,2,0,0,0,42,2,3,0,0,2,3,0,0,0,0,42,4,5,6,0,0,1,2,1,1,1,42,6,7,4,0,2,3,0,1,1,1,42,8,9,10,0,0,1,2,2,3,2,42,10,11,8,0,2,3,0,2,2,2,42,12,13,14,0,0,1,2,4,5,4,42,14,15,12,0,2,3,0,4,4,4],
    "metadata": {
        "faces": 8,
        "type": "Geometry",
        "generator": "io_three",
        "normals": 6,
        "version": 3,
        "vertices": 16,
        "uvs": 1,
        "materials": 1
    },
    "vertices": [32.1572,5.1408,76.8897,31.6958,5.1408,72.6943,31.6958,0.214196,72.6943,32.1572,0.214196,76.8897,29.8288,5.1408,75.0227,34.0242,5.1408,74.5613,34.0242,0.214196,74.5613,29.8288,0.214196,75.0227,30.6063,5.1408,76.4385,33.2466,5.1408,73.1456,33.2466,0.214196,73.1456,30.6063,0.214196,76.4385,33.5729,5.1408,76.1122,30.2801,5.1408,73.4719,30.2801,0.214196,73.4719,33.5729,0.214196,76.1122],
    "normals": [-0.993988,0,0.109317,-0.109317,0,-0.993988,-0.780175,0,-0.625538,-0.780145,0,-0.625538,-0.625568,0,0.780145,-0.625538,0,0.780145],
    "name": "plant9915_2Geometry",
    "uvs": [[1,1,0,1,0,0,1,0]],
    "materials": [{
        "colorEmissive": [0,0,0],
        "opacity": 1,
        "transparent": true,
        "shading": "phong",
        "colorAmbient": [0.4704,0.4704,0.4704],
        "depthWrite": true,
        "depthTest": true,
        "mapDiffuse": "stnz_whe_tree_020.png",
        "wireframe": false,
        "mapDiffuseRepeat": [1,1],
        "DbgColor": 15658734,
        "DbgIndex": 0,
        "mapDiffuseWrap": ["RepeatWrapping","RepeatWrapping"],
        "visible": true,
        "colorDiffuse": [0.4704,0.4704,0.4704],
        "blending": "NormalBlending",
        "mapDiffuseAnisotropy": 1,
        "specularCoef": 5,
        "colorSpecular": [0,0,0],
        "DbgName": "ms1695"
    }]
}